video_id,published_at,title,channel_title,category_id,category_name,tags,duration,definition,caption_available,licensed_content,views,likes,comments
Y9AXKgqGwN4,2025-11-27T21:00:07Z,BLOK3 - KUSURA BAKMA (Official Music Video),Blok3,10,Music,"blok3, blok, hakan, aydƒ±n, blok3 kusura, blok3 bakma, blok3 kusura bakma, hako, blok kusura, blok bakma, blok kusura bakma, kusura bakma, kusura, bakma, Senden ge√ßemiyorum ben h√¢l√¢, √∂zledim ama s√∂yleyemiyorum, Her detayƒ±n aklƒ±mda, unutmam asla, √áok i√ßtim √∂n√ºm√º g√∂remiyorum, Ama allah var seni √ßok √∂zledim, Daha dur anlatma, doluyor g√∂zlerim, Yalanƒ±m yok, yalanƒ±m yok, Sensiz beni bende sevmedim, ben hala, √∂zledim, ama s√∂yleyemiyorum, senden ge√ßemiyorum, mundo, m√ºzik",174,hd,false,False,21373048,396682,30208
Fv0leN8TmR8,2025-12-07T00:00:04Z,The Boys - Final Season Teaser Trailer | Prime Video,Prime Video,24,Entertainment,"the boys, the boys season 5, the boys s5, the boys season 5 trailer, the boys season 5 teaser, the boys s5 trailer, the boys s5 teaser, the boys soldier boy, the boys homelander, the boys butcher, homelander, butcher, soldier boy, starlight, hughie, homelander vs butcher, butcher vs homelander, homelander vs soldier boy, the boys final season, the boys final season trailer, antony starr, karl urban, jensen ackles, erin moriarty, jack quaid, karen fukuhara, chace crawford",121,hd,true,True,5107672,254056,13797
S-LMSpzlnc0,2025-12-07T15:44:41Z,Race Highlights | 2025 Abu Dhabi Grand Prix,FORMULA 1,17,Sports,"F1, Formula One, Formula 1, Sports, Sport, Action, GP, Grand Prix, Auto Racing, Motor Racing, abu dhabi, f1 2025 championship",503,hd,false,True,2548229,66128,6207
kpv46Phe_Mw,2025-12-05T09:00:03Z,–ö–ª–∞–≤–∞ –ö–æ–∫–∞ - –°–ü–õ–ï–¢–ù–ò. –®–£–ú. –õ–£–ö.  (–ö–ª–∏–ø 2025),–ö–ª–∞–≤–∞ –ö–æ–∫–∞,10,Music,"–∫–ª–∏–ø, –∫–ª–∞–≤–∞ –∫–æ–∫–∞, –ë–∞—Å—Ç–∞, –ö—Å–µ–Ω–∏—è –°–æ–±—á–∞–∫, –î–∏–º–∞ –ë–∏–ª–∞–Ω, –í–∞–Ω—è –î–º–∏—Ç—Ä–∏–µ–Ω–∫–æ, –ë—É—Å—Ç–µ—Ä, –ë—Ä–∞—Ç–∏—à–∫–∏–Ω, deepins, Satyr, Exile, Frame Tamer, –ï–ì–û–†–ò–ö, –ü—Ä–æ—Ö–æ—Ä –®–∞–ª—è–ø–∏–Ω, –ê–ª–µ–∫—Å–µ–π –ñ–∏–¥–∫–æ–≤—Å–∫–∏–π, –ê–Ω—Ç–æ–Ω –®–∞—Å—Ç—É–Ω, –ö—É–∫–æ—è–∫–∞, nkeeei, –ú–û–¢, DILARA, –ò–ª—å—è –ö—É—Ä—É—á, –î–∂–∞—Ä–∞—Ö–æ–≤, –ì–æ—à–∞ –ö–∞—Ä—Ü–µ–≤, –õ–∞—Ä–∏—Å–∞ –î–æ–ª–∏–Ω–∞, MARGO, –ö—Ä–∞–π–º–±—Ä–µ—Ä–∏, –ö–∞–≥—Ä–∞–º–∞–Ω–æ–≤, –ö—Ä–∞–≤–µ—Ü, Lovv66, –ú–∞—à –ú–∏–ª–∞—à, –ü–µ—Ä–µ—Å–∏–ª—å–¥, Pokrov, –¢–†–ê–í–ú–ê, JONY, –ì–ê–í–†–ò–õ–ò–ù–ê, Tenderlybae, –î–∂–∏–≥–∞–Ω, –¢–æ–¥–æ—Ä–µ–Ω–∫–æ, –ë–∞—Å–∫–æ–≤, –û–ª–µ–≥ –ú–∞–π–∞–º–∏, Rakhim, SERYABKINA, Artik&Asti, –†–µ–≤–≤–∞, –ö—É—Ä—É—á, –ö–∞—Ä—Ü–µ–≤, –©–µ—Ä–±–∞–∫–æ–≤–∞, klava koka, –°–ü–õ–ï–¢–ù–ò, –î–∏–º–∞–ú–∞—Å–ª–µ–Ω–Ω–∏–∫–æ–≤",132,hd,false,True,570519,12521,1428
VI6XO8EijT4,2025-12-05T20:00:28Z,DIGITAL CIRCUS EP 7 TRAILER!!,GLITCH,1,Film & Animation,"glitch, glitch productions, digital circus, the amazing digital circus, murder drones, Pomni, Uzi, Jax, Ragatha, Kinger, Gangle, Zooble, Caine, Bubble, 3D, Animation, 3D Animation, Indie Animation, Gummigoo",58,hd,true,True,6101816,523783,29609
_kVeSMFqaas,2025-12-06T11:10:15Z,–í –º–µ–Ω—è –≤–ª—é–±–∏–ª–∞—Å—å –ö–ê–¢–Ø - –í—Å–µ –°–õ–ò–®–ö–û–ú –•–æ—Ä–æ—à–æ ‚û≤ –ó–∞–π—á–∏–∫ 5 —ç–ø–∏–∑–æ–¥ ‚û≤ Tiny Bunny 5 –≠–ø–∏–∑–æ–¥!,windy31,24,Entertainment,,3157,hd,false,True,872093,54388,5155
Qs4bpOrkpx8,2025-12-05T07:00:07Z,FLEMMING & Metejoor - Niet Nodig (Offici√´le video),FLEMMING,10,Music,,168,hd,false,False,47167,1561,139
XRRnP91SSrQ,2025-12-05T16:00:21Z,Welcome Home | Poppy Playtime Chapter 5 Cinematic Trailer,Mob Entertainment,20,Gaming,,58,hd,true,True,2698345,197376,14421
KgsTBDRttPg,2025-12-06T14:00:39Z,I Got Hunted By the Minecraft LAW,Wemmbu,20,Gaming,"wemmbu, flamefrags, unstable smp, wemmbu vs flamefrags, wemmbu unstable smp, wemmbu farlands, minecraft farlands, wemmbu minecraft, wemmbu orbital cannon, orbital strike cannon, unstable universe, wemmbu unstable universe, weembu, wembu, wemmbu dead, How I DIED on a Hardcore Minecraft SMP, wemmbu flamefrags, 2 Minecraft Pros VS 1000 Players, parrotx2, spokeishere, wemmbu prisoner, wemmbu prison, lettucek, wemmbu lettucek, wemmbu law, wemmbu escape",4688,hd,false,True,3568793,187708,18995
vd8o25lRY3A,2025-11-29T09:01:30Z,"Jakone, Kiliana - –ñ–∏–≥–∞–Ω—Å–∫–∞—è (official video)",GOLDEN SOUND,10,Music,,148,hd,false,True,1771115,20880,394
h_zikuWihTo,2025-12-07T00:18:15Z,"–ü–∞—Ü–∞–Ω—ã (5 –°–µ–∑–æ–Ω) - –†—É—Å—Å–∫–∏–π —Ç—Ä–µ–π–ª–µ—Ä (–°—É–±—Ç–∏—Ç—Ä—ã, 2026) –ö–∞—Ä–ª –£—Ä–±–∞–Ω, –≠–Ω—Ç–æ–Ω–∏ –°—Ç–∞—Ä—Ä",FRESH Trailers,1,Film & Animation,"the boys, the boys trailer, 2026, movie, film, official, –ø–∞—Ü–∞–Ω—ã 5 —Å–µ–∑–æ–Ω, –ø–∞—Ü–∞–Ω—ã 5 —Å–µ–∑–æ–Ω —Ç—Ä–µ–π–ª–µ—Ä, –ø–∞—Ü–∞–Ω—ã –°–µ–∑–æ–Ω 5, –ø–∞—Ü–∞–Ω—ã, –ø–∞—Ü–∞–Ω—ã —Ç—Ä–µ–π–ª–µ—Ä, –ø–∞—Ü–∞–Ω—ã —Ä—É—Å—Å–∫–∏–π —Ç—Ä–µ–π–ª–µ—Ä, –ø–∞—Ü–∞–Ω—ã 2026, —Ñ–∞–Ω—Ç–∞—Å—Ç–∏–∫–∞, –±–æ–µ–≤–∏–∫, –¥—Ä–∞–º–∞, –∫–æ–º–µ–¥–∏—è, –∫—Ä–∏–º–∏–Ω–∞–ª, —Å–º–æ—Ç—Ä–µ—Ç—å, hd, —Å–µ—Ä–∏–∞–ª, –∏–Ω—Ç–µ—Ä–µ—Å–Ω—ã–µ —Ñ–∏–ª—å–º—ã, –Ω–æ–≤–∏–Ω–∫–∏ –∫–∏–Ω–æ, –∫–∏–Ω–æ –Ω–æ–≤–∏–Ω–∫–∏, —Ç—Ä–µ–π–ª–µ—Ä, —Ç—Ä–µ–π–ª–µ—Ä 2026, —Ç—Ä–µ–π–ª–µ—Ä—ã, —Ç—Ä–µ–π–ª–µ—Ä—ã 2026, —Ñ–∏–ª—å–º—ã, —Ñ–∏–ª—å–º—ã 2026, —Ñ–∏–ª—å–º, —Ñ–∏–ª—å–º 2026, –∫–∏–Ω–æ, –∫–∏–Ω–æ 2026, —Ä—É—Å—Å–∫–∏–π —Ç—Ä–µ–π–ª–µ—Ä, —Ç—Ä–µ–π–ª–µ—Ä –Ω–∞ —Ä—É—Å—Å–∫–æ–º, —Ç—Ä–µ–π–ª–µ—Ä —Ñ–∏–ª—å–º–∞, trailers 2026, fresh trailers",122,hd,false,False,350414,9909,874
XA2lzDUuwk4,2025-12-01T16:00:55Z,LOGS10 | AMONG US met DYLAN HAEGENS | #1,Legends of Gaming NL,20,Gaming,"legends of gaming nl, legends of gaming, log, log stefan, log don kaaklijn, log gamemeneer, log qucee, log julia heetman, log sean demmers, log morrog, log dioni, log harm, log jeremy, among us, legends of gaming among us, among us log, among us modded, modded among us, LOGS10, legends of gaming seizoen 10, Dylan LOG, legends of gaming ledge, de ledge, ledge log, log among us, qualifier, danger zone log, qualifier log, mystery legend, mystery legend log",3360,hd,false,True,235074,8014,421
AxVjaVjmEyE,2025-12-04T15:00:06Z,DS x Elijah - Lightwork Freestyle üá≥üá± | Pressplay,Pressplay Media NL,10,Music,"pressplay, pressplay media nl, drill, ukdrill, dutchdrill, fog, ksb, z42, hsq, zq, sk6, 73, 24, owb, 7h, kbc, edg, ssq, lightwork freestyle, karma k lightwork freestyle, kl lightwork freestyle, lowkey lightwork freestyle, fumez, plugged in, listen up, pressplay media, kd3, 52, gregossan Lightwork freestyle, probleemkind Lightwork freestyle, 7t, elijah, ds, purmerend",154,hd,false,True,20779,771,147
sItUCKJQLTU,2025-12-04T20:53:14Z,A Knight of the Seven Kingdoms | Official Final Trailer | HBO Max,HBO Max,24,Entertainment,"hbo max, ser duncan the tall, a knight of the seven kingdoms hbo, george r.r. martin, dunk and egg, a knight of the seven kingdoms hbo max, a knight of the seven kingdoms trailer hbo, game of thrones, peter claffey, dexter ansell, a knight of the seven kingdoms trailer, dunk, egg, westeros, a song of ice and fire, house targaryen, game of thrones new series, a knight of the seven kingdoms game of thones, GoT, game of thrones new show, peter claffey dunk, finn bennett, knight, AKOTSK",152,hd,true,True,10258925,71305,4633
_JBWvRm74L0,2025-12-07T07:15:06Z,Job Speelt Zielige Update In 99 Nachten In Het Bos... In Roblox!,DutchtuberGaming,20,Gaming,"brookhaven, roblox brookhaven, dutchtuber brookhaven, dutchtuber roblox, roblox dutchtuber, brookhaven job, roblox brookhaven dutchtuber, brookhaven dutchtuber roblox, dutchtuber2, dutchtubergaming, dutchtuber job brookhaven, brookhaven rp, brookhaven verhaal, brookhaven geheimen, brookhaven geheim, leuk, grappig, entertainment, amusement, gaming, roblox",894,hd,false,True,60660,2742,283
SixTbTc6YCg,2025-12-05T17:00:06Z,"Ice Spice, Tokischa - Thootie",IceSpiceVEVO,10,Music,"Ice Spice, Tokischa, 10K Projects/Capitol Records, Hip Hop",153,hd,true,True,1167849,82088,3701
IaEtA56pd_w,2025-12-05T20:48:18Z,Iron Lung: Final Trailer,Markiplier,20,Gaming,"markiplier, iron lung, iron lung movie, official trailer, movie trailer, iron lung trailer 3, final trailer, iron lung release date, iron lung markiplier, Caroline Kaplan, troy baker",105,hd,false,False,3047983,411193,19427
Oa0tqKHb4VA,2025-12-07T14:00:51Z,Unstable SMP: The First King,Parrot,20,Gaming,"Minecraft, Minecraft SMP, SMP, Minecraft Server, LifeSteal SMP, School Minecraft Server, School SMP, School Parrot, Parrot, ParrotX2, Dream SMP, TommyInnit, LifeSteal, parrot lifesteal smp, Spoke, minecraft survival, minecraft hardcore, minecraft challenge, minecraft server, HermitCraft, MumboJumbo, Grian, why i broke 100+ bedrock, Here's Why I Made 12240 Minecraft Cakes, Minecraft Hunt, LifeSteal Season 3, 1 Heart Minecraft, LifeSteal Season 4, Why I Removed the World",3568,hd,false,True,1576526,89653,10499
GBLzLPkIZaM,2025-12-07T18:45:06Z,Poori - Untitled III (Mood Clip),Poori,10,Music,"Poori, Poori Untitled III, Poori Mood Clip, Untitled 3 Poori, Poori diss track, Persian diss track, Iranian diss, Persian rap, Rap Farsi, Iranian rap, Persian trap, Trap Farsi, diss farsi, beef farsi, ÿ±Ÿæ ŸÅÿßÿ±ÿ≥€å, ÿØ€åÿ≥ ÿ™ÿ±⁄© ŸÅÿßÿ±ÿ≥€å, ŸæŸàÿ±€å, ÿØ€åÿ≥ ÿ™ÿ±⁄© ŸæŸàÿ±€å, underground rap Iran, Persian hip-hop, Iranian hip hop, best persian rap, persian music 2025, poori official, poori mood video",255,hd,false,True,176656,13243,8642
qFKhUJTnC-E,2025-12-04T16:44:01Z,Total War: MEDIEVAL III - Announce Trailer,Total War,20,Gaming,"Total War, warhammer, total war warhammer, rome total war, warhammer 2 total war, total war rome 2, medieval total war, medieval total war 2, three kingdoms total war, total war gameplay, shogun 2 total war, total war saga, total war warhammer gameplay, 3 kingdoms, new, gameplay, trailer, warhammer 3, total war warhammer 3, Total War PHARAOH, pharaoh, total war deep dive, deep dive, gameplay showcase, total war gameplay showcase",94,hd,true,False,567850,37202,5769
_Eq5NFo0MKU,2025-12-06T17:15:09Z,Job Krijgt 0  Brainrot In Steal A Brainrot... In Roblox!,Dutchtuber - Roblox,20,Gaming,"dutchtuber steal a brainrot, steal a brainrot, dutchtuber steal a brainrot roblox, dutchtuber roblox, roblox dutchtuber, job dutchtuber, job steal a brainrot, update, steal a brainrot update",864,hd,false,True,73292,3701,1013
FeaRXx2VDhI,2025-12-05T11:30:23Z,Top 50 Christmas Songs of All Time üéÑ Best Christmas Music Playlist,Christmas Songs and Carols - Love to Sing,10,Music,"top christmas song, christmas songs, top christmas songs of all time, top 100 christmas songs of all time, best christmas songs of all time, best christmas songs, top christmas songs, top 100 christmas songs, classic christmas songs, christmas songs playlist, best christmas music, christmas songs medley, top 100 christmas songs and carols, top 100 christmas songs and carols playlist",8351,hd,false,True,1378294,4461,239
DsidDggLSwA,2025-12-07T06:18:30Z,–ü–∞—Ü–∞–Ω—ã 5 —Å–µ–∑–æ–Ω - —Ä–∞–∑–±–æ—Ä —Ç—Ä–µ–π–ª–µ—Ä–∞. –ö–æ–≥–æ –±—å—ë—Ç –•–æ—É–º–ª–µ–Ω–¥–µ—Ä –∏ –∑–∞—á–µ–º –µ–º—É –Ω—É–∂–µ–Ω –°–æ–ª–¥–∞—Ç–∏–∫?,Axis Comics,24,Entertainment,"–ø–∞—Ü–∞–Ω—ã, –ø–∞—Ü–∞–Ω—ã —Å–µ—Ä–∏–∞–ª, –ø–∞—Ü–∞–Ω—ã 5 —Å–µ–∑–æ–Ω, –ø–∞—Ü–∞–Ω—ã 4 —Å–µ–∑–æ–Ω, –ø–∞—Ü–∞–Ω—ã 5 —Å–µ–∑–æ–Ω —Å–æ–ª–¥–∞—Ç–∏–∫, —Å–æ–ª–¥–∞—Ç–∏–∫ –ø–∞—Ü–∞–Ω—ã, —Ö–æ—É–º–ª–µ–Ω–¥–µ—Ä, –∫–æ–º–∏–∫—Å—ã, —Ñ–∏–ª—å–º—ã, –∏–≥—Ä—ã, —Å–µ—Ä–∏–∞–ª—ã, axis, axis comics, –∫–æ—Ä–æ–ª–µ–≤–∞ –º—ç–π–≤, —á–µ—Ä–Ω—ã–π –Ω—É–∞—Ä, –ø–æ–∫–æ–ª–µ–Ω–∏–µ –≤–∏, –ø–æ–∫–æ–ª–µ–Ω–∏–µ –≤–∏ 2 —Å–µ–∑–æ–Ω, –≥–µ–Ω –≤–∏, –±—É—Ç—á–µ—Ä, –±—É—Ç—á–µ—Ä –º—è—Å–Ω–∏–∫, –ø–∞—Ü–∞–Ω—ã 5 —Å–µ–∑–æ–Ω —Ç—Ä–µ–π–ª–µ—Ä, –ø–∞—Ü–∞–Ω—ã 5 —Å—é–∂–µ—Ç —Å–µ–∑–æ–Ω",777,hd,false,True,86873,3190,350
teHEXZ_fOY8,2025-11-30T20:46:48Z,FINALE!! - MINECRAFT SMP HARDCORE SURVIVAL DAG 22,EnzoKnol,20,Gaming,"enzoknol, enzo knol, enzoknol vlog, enzoknol minecraft, enzo, dee, knol, HD, NL, bumper, vlog, knolpower, minecraft enzoknol, enzoknol minigames, minecraft survival enzoknol, entertainment, voor kinderen, kinderen, 2020, myron, enzo myron, myron enzo",10605,hd,false,True,242100,4843,71
B_YMzbvv_N4,2025-11-28T14:22:00Z,–Ø –ñ–µ –õ—é–±–∏–ª–∞ –¢–µ–±—è –≠—Ç—É –ü–µ—Å–Ω—é –ò—â—É—Ç –í—Å–µ New 2025,San Degan Az,10,Music,"—á–µ—á–µ–Ω—Å–∫–∏–µ –ø–µ—Å–Ω–∏, –Ω–æ—Ö—á–∏, chechen music, chechnya, chechen dance, –ª–µ–∑–≥–∏–Ω–∫–∞, —á–µ—á–µ–Ω—Å–∫–∞—è –ª–µ–∑–≥–∏–Ω–∫–∞, –º–∞–∫–∫–∞ –º–µ–∂–∏–µ–≤–∞, –∞–π–Ω–∞ –≥–µ—Ç–∞–≥–∞–∑–æ–≤–∞, –∞—Å—å–∫–∞ —Ö–∞–ª–∏–¥–æ–≤–∞, —á–µ—á–µ–Ω—Å–∫–∞—è —ç—Å—Ç—Ä–∞–¥–∞, —á–µ—á–Ω—è, –≥—Ä–æ–∑–Ω—ã–π, –∫–æ–Ω—Ü–µ—Ä—Ç, –Ω–æ–≤–∏–Ω–∫–∏ 2020, –Ω–æ–≤–∞—è –ø–µ—Å–Ω—è 2020, music, kavkaz, –∫–∞–≤–∫–∞–∑—Å–∫–∏–µ –ø–µ—Å–Ω–∏, —á–µ—á–µ–Ω—Å–∫–∏–µ —Ö–∏—Ç—ã, —Ö–∏—Ç—ã –∫–∞–≤–∫–∞–∑–∞, —Ç–∞–Ω—Ü–µ–≤–∞–ª—å–Ω–∞—è, –ª–æ–≤–∑–∞—Ä, –º–∞–¥–∏–Ω–∞ –¥–æ–º–±–∞–µ–≤–∞, —Ä–∞—Ö–º–∞–Ω –≥–∞–∑–∏–µ–≤, —Ä–∞—Ç–∞–Ω, –æ—á–∞–µ–≤, —Ä–∞–¥–∏–º–∞, –∞–π—à–∞—Ç",167,sd,false,True,339890,2140,149
b-yiTAKbCKc,2025-12-04T22:00:47Z,"Warhammer 40,000: Dawn of War IV Story Trailer | Warhammer",Warhammer,20,Gaming,"Games Workshop, Citadel Miniatures, Warhammer Age of Sigmar, Warhammer 40000, Forge World, Black Library, 40K, AoS, GW, Astartes, Space marine, Tow, The Old world, Middle earth strategy battle game, lord of the rings, the hobbit, warhammer underworlds, necromunda, the horus heresy, legions imperialis, age of darkness, total war, space marine, space marine 2, Warhammer Fantasy",144,hd,true,False,840164,46756,3421
HxLIM7DaZao,2025-12-03T15:26:21Z,Is Creator SMP een succesvol bedrijf? | WTFinance met¬†Jeremy¬†Frieser,WTFinance,27,Education,"wtfinance, jayjayboske, creatorsmp, minecraft, livestream, contentcreator, nederlandsegaming, day1, ondernemen, creators, record, streamingtips, gamingnl, minecraftnl, creatorcommunity, creator smp, smp, minecraft jeremy, minecraft smp, enzo knol smp, Don kaaklijn smp, kaak smp, qucee smp, djuncan smp, igor smp, lien smp, morrog smp, jeremy smp, link smp, pangi smp, king smp, jayjay smp, jeremy frieser, clown smp, gamemeneer smp, jactha smp, acid smp, harm smp, ties smp, yarasky smp",2352,hd,false,True,126686,5079,195
JzH6uWBtC3I,2025-12-04T21:00:07Z,manifest - Amat√∂r | Official Music Video,manifest,10,Music,"manifest, big5 t√ºrkiye, big5 manifest, official music video, manifest video, manifest videolarƒ±usic video, manifest music video, manifest girlband, manifest amat√∂r, amat√∂r, amat√∂r music video, amat√∂r manifest music video, official music video t√ºrk√ße, manifest esin, manifest hilal, manifest mina, manifest zoktay, zeynep oktay, manifest lidya, manifest sueda, manifest yeni ≈üarkƒ±, manifest ≈üarkƒ±larƒ±, manifest klip, yeni klip",192,hd,true,True,4186912,128070,26387
uI54qqXt2r8,2025-12-03T14:00:00Z,Emily in Paris | Season 5 Official Trailer | Netflix,Netflix,24,Entertainment,"Alfie, Ashley Park, Comedy, Comedy Series, Darren Star, Detour, Emily Cooper, Emily in Paris, Fashion, Gabriel, Julien, Lily Collins, Luc, Lucas Bravo, Lucien Laviscount, Marcello, Mindy Chen, Netflix Series, New Season, Nicolas, Paul Forman, Philippine Leroy-Beaulieu, RomCom, Romantic Comedy, Rome, Season 5, Sylvie, Trailer",128,hd,true,True,1069735,15436,879
I1huBGi_f5Q,2025-12-02T10:58:36Z,"""–û–í–ï–†–õ–£–¢""! –î–û–ú –≤ –°–ö–ê–õ–ï –ø—Ä–æ—Ç–∏–≤ –û–°–¢–†–û–í–ê –ß–ò–¢–ï–†–û–í! –≤ –†–ê–°–¢ RUST",–î–ï–†–ñ–ò –î–í–ï–†–¨,20,Gaming,"rust, —Ä–∞—Å—Ç, –∫–≥—ã–µ, hfcn, –¥–µ—Ä–∂–∏ –¥–≤–µ—Ä—å, –∫–∞–≤–∞, —Ä–∞—Å—Ç —Ä–µ–π–¥, rust raid, –∫–ª–∞–Ω—ã, —Ä–µ–π–¥, —Ä–∞—Å—Ç rust, rust –≤—ã–∂–∏–≤–∞–Ω–∏–µ, –≤—ã–∂–∏–≤–∞–Ω–∏–µ –≤ rust, –≤—ã–∂–∏–≤–∞–Ω–∏–µ, rust —Ä–µ–π–¥, –≤–∏–¥–µ–æ –ø–æ rust, —Ä–∞—Å—Ç –≤—ã–∂–∏–≤–∞–Ω–∏–µ, –∞–Ω—Ç–∏—Ä–µ–π–¥, rust –∞–Ω—Ç–∏—Ä–µ–π–¥, rust –Ω–∞—á–∞–ª–æ, rust pvp, rust survival, rust movie, —Ä–∞—Å—Ç —Ñ–∏–ª—å–º, rust gameplay, –¥–æ–º –≤ —Å–∫–∞–ª–µ, –æ–≤–µ—Ä–ª—É—Ç —Ä–∞—Å—Ç, –æ–≤–µ—Ä–ª—É—Ç, –¥–æ–º –≤ —Å–∫–∞–ª–µ —á–∏—Ç–µ—Ä—ã, –¥–æ–º –≤ —Å–∫–∞–ª–µ –î–î, –æ—Å—Ç—Ä–æ–≤ —á–∏—Ç–µ—Ä–æ–≤",11345,hd,false,True,1700073,52531,4131
L8_omFXi_kg,2025-11-27T23:04:27Z,LEKKERDING,Alessio - Topic,10,Music,"Alessio, Yordi, Lastpakken, LEKKERDING",119,hd,false,True,74327,1329,0
V_UkrLROjkA,2025-12-02T14:01:47Z,Pok√©mon Legends: Z-A ‚Äì Mega Dimension | Mega Lucario Z Reveal Trailer,The Official Pok√©mon YouTube channel,20,Gaming,"#pokemonlegendsza, #pokemon, #lumiosecity, #MegaLucario",101,hd,false,True,956478,38594,4439
RSoPJ826ik4,2025-12-07T07:00:34Z,Pro Trapper Vragen Om Beste Vriend Te Pranken,Alex Klein,20,Gaming,"Alex, Klein, Dutch, Nederlands, NL, Nederland, Trending, Trending NL, Kind Vriendelijk, Familie Vriendelijk, Game, Alex Klein, MinionFartGun, Minecraft, Minecraft NL, Minecraft Nederlands, Alex Klein Minecraft, Minecraft Survival, Survival, Minecraft Alex",1422,hd,false,True,30808,805,56
nIiszsYlaz8,2025-11-28T17:01:32Z,"TONI STORARO - DAI PARI / –¢–û–ù–ò –°–¢–û–†–ê–†–û - –î–ê–ô –ü–ê–†–ò | Official 4K Video, 2025",Storaro Music,10,Music,"toni storaro dai pari, toni storaro, —Ç–æ–Ω–∏ —Å—Ç–æ—Ä–∞—Ä–æ –¥–∞–π –ø–∞—Ä–∏, —Ç–æ–Ω–∏ —Å—Ç–æ—Ä–∞—Ä–æ, –¥–∞–π –ø–∞—Ä–∏, –¥–∞–∏ –ø–∞—Ä–∏, dai pari, day pari, toni dai, —Ç–æ–Ω–∏ –¥–∞–π",218,hd,false,True,1256209,18010,407
0Kw8is6qNbQ,2025-12-02T15:00:03Z,Glowmovies World 2026 - Official Trailer,Glowmovies,24,Entertainment,"glowmovies, glow, movies, bouwen, Vloggen",138,hd,false,True,39060,1102,48
FLkL2g4FLso,2025-12-07T09:40:29Z,üî¥LIVE | FREE SECRETS in Roblox Steal a Brainrot üî¥,Swazr Rblx,20,Gaming,,13,hd,false,True,492858,9671,5
RwaNmZnXKBU,2025-12-03T17:00:07Z,"Jador x Carmen de la Salciua - Ce faci, e»ôti bine? | Official Video",Jador The Artist,10,Music,"jador, carmen de la salciua, ce faci esti bine ?, carmen, salciua, official audio, official video, 2025, 2026, Jador x Carmen de la Salciua - Ce faci e»ôti bine? | Official Video",141,hd,false,True,1701460,41048,2795
zNSOjQPgk_k,2025-12-04T22:55:42Z,'Line of Contact' Update Trailer / War Thunder,War Thunder. Official channel.,20,Gaming,"war thunder, wt, war thunder update, war thunder trailer, trailer, update",214,hd,true,False,586658,47284,5738
2teag5QC7NA,2025-12-05T17:00:05Z,Nice Life: Episode 1 - It's A Wonderful Life,Grian,20,Gaming,"Minecraft, Grian, building, grian, mincraft, tutorial, yt:quality=high, minecraft, ideas, creative, build",2751,hd,true,True,1583991,112785,6794
E8i32NXMxnc,2025-11-27T13:59:58Z,"Stray Kids ""Ïã†ÏÑ†ÎÜÄÏùå (DIVINE)"" M/V",JYP Entertainment,10,Music,"JYP Entertainment, JYP, Stray Kids, Ïä§Ìä∏Î†àÏù¥ ÌÇ§Ï¶à, SKZ, Ïä§ÌÇ§Ï¶à, Î∞©Ï∞¨, BANG CHAN, Î¶¨ÎÖ∏, LEE KNOW, Ï∞ΩÎπà, CHANGBIN, ÌòÑÏßÑ, Ìô©ÌòÑÏßÑ, HYUNJIN, Ìïú, ÌïúÏßÄÏÑ±, HAN, ÌïÑÎ¶≠Ïä§, FELIX, Ïö©Î≥µ, ÏäπÎØº, ÍπÄÏäπÎØº, SEUNGMIN, ÏïÑÏù¥Ïóî, I.N, stray kids comeback, Ïä§ÌÇ§Ï¶à Ïª¥Î∞±, skz, SKZ DO IT, straykids do it, stray kids do it, skz it tape, skz mv, skz music video, Ïä§ÌÇ§Ï¶à ÎÆ§ÎπÑ, ÎëêÏûá ÎÆ§ÎπÑ, do it mv, Ïä§Ìä∏Î†àÏù¥ ÌÇ§Ï¶à ÎÆ§ÎπÑ, stray kids music video, Ïä§Ìä∏Î†àÏù¥ ÌÇ§Ï¶à ÎÆ§ÏßÅÎπÑÎîîÏò§, ÎëêÏûá Î¶¨ÎØπÏä§, Ïã†ÏÑ†ÎÜÄÏùå ÎÆ§ÎπÑ, Ïä§ÌÇ§Ï¶à Ïã†ÏÑ†ÎÜÄÏùå, Ïã†ÏÑ†ÎÜÄÏùå, skz divine, divine, skz divine mv, stray kids divine, Ïã†ÏÑ†ÎÜÄÏùå mv, Ïä§Ìä∏Î†àÏù¥ ÌÇ§Ï¶à Ïã†ÏÑ†ÎÜÄÏùå",201,hd,true,True,26704465,752073,34685
7K3sNRm8J0w,2025-12-03T13:59:16Z,READY OR NOT 2: HERE I COME | Official Trailer | Searchlight Pictures,SearchlightPictures,1,Film & Animation,,140,hd,true,True,3075543,62146,3768
APJ-lT0sBhg,2025-12-05T14:56:45Z,GTA Online: A Safehouse in the Hills Coming December 10,Rockstar Games,20,Gaming,"GTA Online, GTAV, GTA5 Online, GTA 5, GTA Online Update, A Safehouse in the Hills, PS5, PS4, PlayStation 5, PlayStation 4, Xbox Series X|S, Xbox One, PC, Mansions, Michael De Santa",61,hd,true,True,1570340,116779,9926
WFCr2UrLOV8,2025-11-27T23:00:07Z,Bedoes 2115 & Kubi Producent - Kamie≈Ñ z serca,2115 LABEL,10,Music,"bedoes, bedoes 2115, 2115, kamien z serca, kamie≈Ñ z serca, kubi producent, bedoes kubi, bedoes kubi producent, bedoes kamien z serca, bedoes 2115 kamien z serca, bedoes kubi producent kamien z serca, bedi, kubi, kubi producent kamien z serca, bedoes tekst, bedoes koncert, multi bedoes, helikopter w ogniu, white 2115, kuqe 2115, white, kuqe, szpaku, sok√≥≈Ç, rhythm flow, piosenki, polskie piosenki, rap, hip hop, polski hip hop, polski rap, wszystkie noce sa samotne, blacha",410,hd,false,False,3284580,205716,9266
q7VBNC2Mb28,2025-12-07T14:37:23Z,–ü–ê–¶–ê–ù–´ 5 –°–ï–ó–û–ù –†–ï–ê–ö–¶–ò–Ø –ù–ê –¢–†–ï–ô–õ–ï–†,Qewbite,1,Film & Animation,"—Ç—Ä–µ–π–ª–µ—Ä, —Ç–∏–∑–µ—Ä, —Ä–µ–∞–∫—Ü–∏—è, —Ä–∞–∑–±–æ—Ä, Qewbite, 2025, –ø–∞—Ü–∞–Ω—ã —Ä–µ–∞–∫—Ü–∏—è –Ω–∞ —Ç–∏–∑–µ—Ä, –ø–∞—Ü–∞–Ω—ã —Ç—Ä–µ–π–ª–µ—Ä, –ø–∞—Ü–∞–Ω—ã —Ç–∏–∑–µ—Ä, –ø–∞—Ü–∞–Ω—ã —Ç—Ä–µ–π–ª–µ—Ä —Ä–µ–∞–∫—Ü–∏—è, –∫—å—é–±–∞–π—Ç, qewbite, marvel, marvel studios, –º–∞—Ä–≤–µ–ª, –º–∞—Ä–≤–µ–ª —Ç—Ä–µ–π–ª–µ—Ä, –ø–∞—Ü–∞–Ω—ã —Ä–∞–∑–±–æ—Ä, –ø–∞—Ü–∞–Ω—ã —Ä–∞–∑–±–æ—Ä —Ç—Ä–µ–π–ª–µ—Ä–∞, the boys, –ø–∞—Ü–∞–Ω—ã, 5 —Å–µ–∑–æ–Ω –ø–∞—Ü–∞–Ω—ã",449,hd,false,False,61932,3315,280
6WZkc2dTFUM,2025-12-04T07:45:01Z,You Can Now Cancel Items In The Production Queue!,Hay Day,20,Gaming,"Hay Day, HayDay, Supercell, Suprcell, Farming, Farm life, mobile, tablet, mobile game, game, yt:cc=on, ios, android, amazon, series, farmer, pig, horse, cow, sheep, goat, puppy, dog, kitten, cat, fishing, sanctuary, elephant, zebra, giraffe, hippo",239,hd,true,False,1665649,31270,2021
JmeUtPih4U8,2025-11-27T19:00:06Z,CENTRAL CEE - BOOGA (MUSIC VIDEO),Central Cee,10,Music,"central cee, centralcee, central cee new song, central cee new video, truth in the lies, central cee wild west, central cee new album",111,hd,false,False,3055287,155096,8159
Z2ee_Nn0LCw,2025-12-06T15:01:06Z,Van 0$ Naar 1 TRILJOEN Met GELE BRAINROTS In Steal A Brainrot! (Roblox),Dennus3,20,Gaming,"Kind vriendelijk, Familie vriendelijk, Dennus2, Dennus, Roblox Story, Roleplay, Roblox Dennus, Roblox verhaal, Roblox Eng, Roblox Brookhaven, Brookhaven Roblox, Roblox Dennus Sam Zoey, Sam Roblox, Dennus Roblox, Brookhaven Roleplay Roblox, Roblox Dennis, Dennis Roblox, Brookhaven Roblox Dennus, Brookhaven Dennus, Roblox Brookhaven RP, Brookhaven RP, Brookhaven Geheimen, Brookhaven RP Geheimen, Van 0$ Naar 1 TRILJOEN Met GELE BRAINROTS In Steal A Brainrot! (Roblox)",1262,hd,false,True,35525,1707,273
tHVDy4vYApA,2025-11-28T13:09:15Z,BAROTA (MUSIC VIDEO) SIDHU MOOSE WALA | THE KIDD | LATEST PUNJABI SONGS 2025,Sidhu Moose Wala,10,Music,"sidhu moosewala, sidhu moosewala latest song, sidhu moosewala leaked songs, sidhu moosewala official videos, sidhu moosewala official song, latest punjabi song 2020",319,hd,false,True,37920249,2310871,4010279
nQvMtb1wvFY,2025-12-06T07:15:03Z,Job En Bob Maken Een Roblox Game!,Dutchtuber2,20,Gaming,"dutchtuber, dutchtuber brookhaven, dutchtuber bob, roblox job bob, roblox brookhaven dutchutber, huisarrest dutchtuber, job bob huisarrest, roblox brookhaven huisarrest, job en bob hebben huisarrest, dutchtuber2, leuk, grappig, entertainment, amusement, gaming, roblox, labubu",3949,hd,false,True,43757,2703,171
nvWsimvCjqg,2025-12-06T19:15:47Z,Hiphopologist - CARDI 3 (Official Audio),Hiphopologist,10,Music,,334,hd,false,True,116927,8565,5329
